<ImportExportXml version="8.2.0001.0411" SolutionPackageVersion="8.2" languagecode="1033" generatedBy="CrmLive" xmlns:xsi="http://www.w3.org/2001/XMLSchema-instance">
  <SolutionManifest>
    <UniqueName>TC_Deploy</UniqueName>
    <LocalizedNames>
      <LocalizedName description="TC Deploy" languagecode="1033" />
    </LocalizedNames>
    <Descriptions />
    <Version>1.0.0</Version>
    <Managed>1</Managed>
    <Publisher>
      <UniqueName>thomascook</UniqueName>
      <LocalizedNames>
        <LocalizedName description="Thomas Cook" languagecode="1031" />
        <LocalizedName description="Thomas Cook" languagecode="1033" />
        <LocalizedName description="Thomas Cook" languagecode="1036" />
      </LocalizedNames>
      <Descriptions />
      <EMailAddress xsi:nil="true"></EMailAddress>
      <SupportingWebsiteUrl xsi:nil="true"></SupportingWebsiteUrl>
      <CustomizationPrefix>tc</CustomizationPrefix>
      <CustomizationOptionValuePrefix>95000</CustomizationOptionValuePrefix>
      <Addresses>
        <Address>
          <AddressNumber>1</AddressNumber>
          <AddressTypeCode>1</AddressTypeCode>
          <City>Egham</City>
          <County xsi:nil="true"></County>
          <Country>United Kingdom</Country>
          <Fax xsi:nil="true"></Fax>
          <FreightTermsCode xsi:nil="true"></FreightTermsCode>
          <ImportSequenceNumber xsi:nil="true"></ImportSequenceNumber>
          <Latitude xsi:nil="true"></Latitude>
          <Line1>Axon House</Line1>
          <Line2 xsi:nil="true"></Line2>
          <Line3 xsi:nil="true"></Line3>
          <Longitude xsi:nil="true"></Longitude>
          <Name xsi:nil="true"></Name>
          <PostalCode>TW20</PostalCode>
          <PostOfficeBox xsi:nil="true"></PostOfficeBox>
          <PrimaryContactName xsi:nil="true"></PrimaryContactName>
          <ShippingMethodCode>1</ShippingMethodCode>
          <StateOrProvince>Surrey</StateOrProvince>
          <Telephone1 xsi:nil="true"></Telephone1>
          <Telephone2 xsi:nil="true"></Telephone2>
          <Telephone3 xsi:nil="true"></Telephone3>
          <TimeZoneRuleVersionNumber xsi:nil="true"></TimeZoneRuleVersionNumber>
          <UPSZone xsi:nil="true"></UPSZone>
          <UTCOffset xsi:nil="true"></UTCOffset>
          <UTCConversionTimeZoneCode xsi:nil="true"></UTCConversionTimeZoneCode>
        </Address>
        <Address>
          <AddressNumber>2</AddressNumber>
          <AddressTypeCode>1</AddressTypeCode>
          <City xsi:nil="true"></City>
          <County xsi:nil="true"></County>
          <Country xsi:nil="true"></Country>
          <Fax xsi:nil="true"></Fax>
          <FreightTermsCode xsi:nil="true"></FreightTermsCode>
          <ImportSequenceNumber xsi:nil="true"></ImportSequenceNumber>
          <Latitude xsi:nil="true"></Latitude>
          <Line1 xsi:nil="true"></Line1>
          <Line2 xsi:nil="true"></Line2>
          <Line3 xsi:nil="true"></Line3>
          <Longitude xsi:nil="true"></Longitude>
          <Name xsi:nil="true"></Name>
          <PostalCode xsi:nil="true"></PostalCode>
          <PostOfficeBox xsi:nil="true"></PostOfficeBox>
          <PrimaryContactName xsi:nil="true"></PrimaryContactName>
          <ShippingMethodCode>1</ShippingMethodCode>
          <StateOrProvince xsi:nil="true"></StateOrProvince>
          <Telephone1 xsi:nil="true"></Telephone1>
          <Telephone2 xsi:nil="true"></Telephone2>
          <Telephone3 xsi:nil="true"></Telephone3>
          <TimeZoneRuleVersionNumber xsi:nil="true"></TimeZoneRuleVersionNumber>
          <UPSZone xsi:nil="true"></UPSZone>
          <UTCOffset xsi:nil="true"></UTCOffset>
          <UTCConversionTimeZoneCode xsi:nil="true"></UTCConversionTimeZoneCode>
        </Address>
      </Addresses>
    </Publisher>
    <RootComponents>
      <RootComponent type="1" schemaName="account" behavior="0" />
      <RootComponent type="1" schemaName="contact" behavior="0" />
      <RootComponent type="60" id="{15915835-b87c-49ec-9ffc-bfac3ac44ef1}" behavior="0" />
      <RootComponent type="60" id="{70ad8b15-e3f3-4d7d-9e4b-16cb4e51b484}" behavior="0" />
    </RootComponents>
    <MissingDependencies>
      <MissingDependency>
        <Required key="0" type="1" schemaName="tc_whatsnext" displayName="What's Next" solution="Active" />
        <Dependent key="1" type="1" schemaName="contact" displayName="Customer" />
      </MissingDependency>
      <MissingDependency>
        <Required key="2" type="1" schemaName="tc_testpdb" displayName="Test PDB" solution="Active" />
        <Dependent key="3" type="1" schemaName="account" displayName="Account" />
      </MissingDependency>
      <MissingDependency>
        <Required key="4" type="1" schemaName="tc_entitymerge" displayName="Entity Merge" solution="Active" />
        <Dependent key="1" type="1" schemaName="contact" displayName="Customer" />
      </MissingDependency>
      <MissingDependency>
        <Required key="4" type="1" schemaName="tc_entitymerge" displayName="Entity Merge" solution="Active" />
        <Dependent key="3" type="1" schemaName="account" displayName="Account" />
      </MissingDependency>
      <MissingDependency>
        <Required key="5" type="1" schemaName="tc_multicaseline" displayName="MultiCase Line" solution="Active" />
        <Dependent key="3" type="1" schemaName="account" displayName="Account" />
      </MissingDependency>
      <MissingDependency>
        <Required key="6" type="1" schemaName="tc_compensation" displayName="Compensation" solution="Active" />
        <Dependent key="1" type="1" schemaName="contact" displayName="Customer" />
      </MissingDependency>
      <MissingDependency>
        <Required key="7" type="1" schemaName="tc_customerbookingrole" displayName="Customer Booking Role" solution="Active" />
        <Dependent key="3" type="1" schemaName="account" displayName="Account" />
      </MissingDependency>
      <MissingDependency>
        <Required key="8" type="1" schemaName="tc_bookingsummary" displayName="Booking Summary" solution="Active" />
        <Dependent key="1" type="1" schemaName="contact" displayName="Customer" />
      </MissingDependency>
      <MissingDependency>
        <Required key="8" type="1" schemaName="tc_bookingsummary" displayName="Booking Summary" solution="Active" />
        <Dependent key="3" type="1" schemaName="account" displayName="Account" />
      </MissingDependency>
      <MissingDependency>
        <Required key="9" type="1" schemaName="tc_caseline" displayName="Case Line" solution="Active" />
        <Dependent key="3" type="1" schemaName="account" displayName="Account" />
      </MissingDependency>
      <MissingDependency>
        <Required key="10" type="1" schemaName="tc_compensationline" displayName="Compensation Line" solution="Active" />
        <Dependent key="1" type="1" schemaName="contact" displayName="Customer" />
      </MissingDependency>
      <MissingDependency>
        <Required key="6" type="1" schemaName="tc_compensation" displayName="Compensation" solution="Active" />
        <Dependent key="3" type="1" schemaName="account" displayName="Account" />
      </MissingDependency>
      <MissingDependency>
        <Required key="7" type="1" schemaName="tc_customerbookingrole" displayName="Customer Booking Role" solution="Active" />
        <Dependent key="1" type="1" schemaName="contact" displayName="Customer" />
      </MissingDependency>
      <MissingDependency>
        <Required key="10" type="1" schemaName="tc_compensationline" displayName="Compensation Line" solution="Active" />
        <Dependent key="3" type="1" schemaName="account" displayName="Account" />
      </MissingDependency>
      <MissingDependency>
        <Required key="11" type="1" schemaName="tc_followup" displayName="Follow-Up" solution="Active" />
        <Dependent key="1" type="1" schemaName="contact" displayName="Customer" />
      </MissingDependency>
      <MissingDependency>
        <Required key="12" type="1" schemaName="tc_country" displayName="Country" solution="Active" />
        <Dependent key="13" type="10" schemaName="tc_address1_country_account" displayName="tc_address1_country_account" parentSchemaName="account" parentDisplayName="Account" />
      </MissingDependency>
      <MissingDependency>
        <Required key="14" type="1" schemaName="tc_accounttype" displayName="Account Type" solution="Active" />
        <Dependent key="15" type="10" schemaName="tc_accounttype_account" displayName="tc_accounttype_account" parentSchemaName="account" parentDisplayName="Account" />
      </MissingDependency>
      <MissingDependency>
        <Required key="8" type="1" schemaName="tc_bookingsummary" displayName="Booking Summary" solution="Active" />
        <Dependent key="16" type="60" displayName="Retail Customer" parentDisplayName="Customer" id="{9e52c4e1-4a67-472a-8a42-ec15c9291fb1}" />
      </MissingDependency>
      <MissingDependency>
        <Required key="12" type="1" schemaName="tc_country" displayName="Country" solution="Active" />
        <Dependent key="17" type="10" schemaName="tc_address2_country_contact" displayName="tc_address2_country_contact" parentSchemaName="contact" parentDisplayName="Customer" />
      </MissingDependency>
      <MissingDependency>
        <Required key="14" type="1" schemaName="tc_accounttype" displayName="Account Type" solution="Active" />
        <Dependent key="18" type="29" displayName="Tc.Account.IfSupplierSetMandatoryFields" id="{b2f504f6-a2aa-e711-810a-5065f38bc531}" />
      </MissingDependency>
      <MissingDependency>
        <Required key="7" type="1" schemaName="tc_customerbookingrole" displayName="Customer Booking Role" solution="Active" />
        <Dependent key="19" type="60" displayName="IDS Customer" parentDisplayName="Customer" id="{1fed44d1-ae68-4a41-bd2b-f13acac4acfa}" />
      </MissingDependency>
      <MissingDependency>
        <Required key="20" type="1" schemaName="tc_gateway" displayName="Gateway" solution="Active" />
        <Dependent key="21" type="10" schemaName="tc_tc_gateway_account_Gateway" displayName="tc_tc_gateway_account_Gateway" parentSchemaName="account" parentDisplayName="Account" />
      </MissingDependency>
      <MissingDependency>
        <Required key="22" type="1" schemaName="tc_cluster" displayName="Cluster" solution="Active" />
        <Dependent key="23" type="10" schemaName="tc_tc_cluster_contact_Clustercreated" displayName="tc_tc_cluster_contact_Clustercreated" parentSchemaName="contact" parentDisplayName="Customer" />
      </MissingDependency>
      <MissingDependency>
        <Required key="24" type="1" schemaName="tc_ukregion" displayName="UK Region" solution="Active" />
        <Dependent key="25" type="10" schemaName="tc_tc_ukregion_contact_Regioncreated" displayName="tc_tc_ukregion_contact_Regioncreated" parentSchemaName="contact" parentDisplayName="Customer" />
      </MissingDependency>
      <MissingDependency>
        <Required key="26" type="1" schemaName="tc_store" displayName="Store" solution="Active" />
        <Dependent key="27" type="10" schemaName="tc_tc_store_contact_Storecreated" displayName="tc_tc_store_contact_Storecreated" parentSchemaName="contact" parentDisplayName="Customer" />
      </MissingDependency>
      <MissingDependency>
        <Required key="12" type="1" schemaName="tc_country" displayName="Country" solution="Active" />
        <Dependent key="28" type="29" displayName="Tc.Uk.Retail.Customer.SetSourceMarket" id="{e6a74e7d-ab73-e711-8106-e0071b65ce81}" />
      </MissingDependency>
      <MissingDependency>
        <Required key="29" type="2" schemaName="tc_accounttypeid" displayName="Account Type" parentSchemaName="tc_accounttype" parentDisplayName="Account Type" solution="Active" />
        <Dependent key="15" type="10" schemaName="tc_accounttype_account" displayName="tc_accounttype_account" parentSchemaName="account" parentDisplayName="Account" />
      </MissingDependency>
      <MissingDependency>
        <Required key="30" type="2" schemaName="tc_name" displayName="Name" parentSchemaName="tc_store" parentDisplayName="Store" solution="Active" />
        <Dependent key="31" type="10" schemaName="tc_tc_store_contact_Storemodified" displayName="tc_tc_store_contact_Storemodified" parentSchemaName="contact" parentDisplayName="Customer" />
      </MissingDependency>
      <MissingDependency>
        <Required key="32" type="2" schemaName="tc_name" displayName="Name" parentSchemaName="tc_cluster" parentDisplayName="Cluster" solution="Active" />
        <Dependent key="23" type="10" schemaName="tc_tc_cluster_contact_Clustercreated" displayName="tc_tc_cluster_contact_Clustercreated" parentSchemaName="contact" parentDisplayName="Customer" />
      </MissingDependency>
      <MissingDependency>
        <Required key="33" type="2" schemaName="tc_name" displayName="Name" parentSchemaName="tc_accounttype" parentDisplayName="Account Type" solution="Active" />
        <Dependent key="15" type="10" schemaName="tc_accounttype_account" displayName="tc_accounttype_account" parentSchemaName="account" parentDisplayName="Account" />
      </MissingDependency>
      <MissingDependency>
        <Required key="30" type="2" schemaName="tc_name" displayName="Name" parentSchemaName="tc_store" parentDisplayName="Store" solution="Active" />
        <Dependent key="27" type="10" schemaName="tc_tc_store_contact_Storecreated" displayName="tc_tc_store_contact_Storecreated" parentSchemaName="contact" parentDisplayName="Customer" />
      </MissingDependency>
      <MissingDependency>
        <Required key="34" type="2" schemaName="tc_iata" displayName="IATA" parentSchemaName="tc_gateway" parentDisplayName="Gateway" solution="Active" />
        <Dependent key="21" type="10" schemaName="tc_tc_gateway_account_Gateway" displayName="tc_tc_gateway_account_Gateway" parentSchemaName="account" parentDisplayName="Account" />
      </MissingDependency>
      <MissingDependency>
        <Required key="35" type="2" schemaName="tc_countryid" displayName="Country" parentSchemaName="tc_country" parentDisplayName="Country" solution="Active" />
        <Dependent key="28" type="29" displayName="Tc.Uk.Retail.Customer.SetSourceMarket" id="{e6a74e7d-ab73-e711-8106-e0071b65ce81}" />
      </MissingDependency>
      <MissingDependency>
        <Required key="36" type="2" schemaName="tc_iso_code" displayName="Country" parentSchemaName="tc_country" parentDisplayName="Country" solution="Active" />
        <Dependent key="28" type="29" displayName="Tc.Uk.Retail.Customer.SetSourceMarket" id="{e6a74e7d-ab73-e711-8106-e0071b65ce81}" />
      </MissingDependency>
      <MissingDependency>
        <Required key="36" type="2" schemaName="tc_iso_code" displayName="Country" parentSchemaName="tc_country" parentDisplayName="Country" solution="Active" />
        <Dependent key="17" type="10" schemaName="tc_address2_country_contact" displayName="tc_address2_country_contact" parentSchemaName="contact" parentDisplayName="Customer" />
      </MissingDependency>
      <MissingDependency>
        <Required key="36" type="2" schemaName="tc_iso_code" displayName="Country" parentSchemaName="tc_country" parentDisplayName="Country" solution="Active" />
        <Dependent key="13" type="10" schemaName="tc_address1_country_account" displayName="tc_address1_country_account" parentSchemaName="account" parentDisplayName="Account" />
      </MissingDependency>
      <MissingDependency>
        <Required key="37" type="2" schemaName="tc_storeid" displayName="Store" parentSchemaName="tc_store" parentDisplayName="Store" solution="Active" />
        <Dependent key="27" type="10" schemaName="tc_tc_store_contact_Storecreated" displayName="tc_tc_store_contact_Storecreated" parentSchemaName="contact" parentDisplayName="Customer" />
      </MissingDependency>
      <MissingDependency>
        <Required key="38" type="2" schemaName="tc_name" displayName="Name" parentSchemaName="tc_ukregion" parentDisplayName="UK Region" solution="Active" />
        <Dependent key="25" type="10" schemaName="tc_tc_ukregion_contact_Regioncreated" displayName="tc_tc_ukregion_contact_Regioncreated" parentSchemaName="contact" parentDisplayName="Customer" />
      </MissingDependency>
      <MissingDependency>
        <Required key="35" type="2" schemaName="tc_countryid" displayName="Country" parentSchemaName="tc_country" parentDisplayName="Country" solution="Active" />
        <Dependent key="13" type="10" schemaName="tc_address1_country_account" displayName="tc_address1_country_account" parentSchemaName="account" parentDisplayName="Account" />
      </MissingDependency>
      <MissingDependency>
        <Required key="39" type="2" schemaName="tc_clusterid" displayName="Cluster" parentSchemaName="tc_cluster" parentDisplayName="Cluster" solution="Active" />
        <Dependent key="23" type="10" schemaName="tc_tc_cluster_contact_Clustercreated" displayName="tc_tc_cluster_contact_Clustercreated" parentSchemaName="contact" parentDisplayName="Customer" />
      </MissingDependency>
      <MissingDependency>
        <Required key="36" type="2" schemaName="tc_iso_code" displayName="Country" parentSchemaName="tc_country" parentDisplayName="Country" solution="Active" />
        <Dependent key="40" type="10" schemaName="tc_tc_country_account" displayName="tc_tc_country_account" parentSchemaName="account" parentDisplayName="Account" />
      </MissingDependency>
      <MissingDependency>
        <Required key="35" type="2" schemaName="tc_countryid" displayName="Country" parentSchemaName="tc_country" parentDisplayName="Country" solution="Active" />
        <Dependent key="17" type="10" schemaName="tc_address2_country_contact" displayName="tc_address2_country_contact" parentSchemaName="contact" parentDisplayName="Customer" />
      </MissingDependency>
      <MissingDependency>
        <Required key="41" type="2" schemaName="tc_ukregionid" displayName="UK Region" parentSchemaName="tc_ukregion" parentDisplayName="UK Region" solution="Active" />
        <Dependent key="25" type="10" schemaName="tc_tc_ukregion_contact_Regioncreated" displayName="tc_tc_ukregion_contact_Regioncreated" parentSchemaName="contact" parentDisplayName="Customer" />
      </MissingDependency>
      <MissingDependency>
        <Required key="42" type="2" schemaName="tc_gatewayid" displayName="Gateway" parentSchemaName="tc_gateway" parentDisplayName="Gateway" solution="Active" />
        <Dependent key="21" type="10" schemaName="tc_tc_gateway_account_Gateway" displayName="tc_tc_gateway_account_Gateway" parentSchemaName="account" parentDisplayName="Account" />
      </MissingDependency>
      <MissingDependency>
        <Required key="29" type="2" schemaName="tc_accounttypeid" displayName="Account Type" parentSchemaName="tc_accounttype" parentDisplayName="Account Type" solution="Active" />
        <Dependent key="18" type="29" displayName="Tc.Account.IfSupplierSetMandatoryFields" id="{b2f504f6-a2aa-e711-810a-5065f38bc531}" />
      </MissingDependency>
      <MissingDependency>
        <Required key="33" type="2" schemaName="tc_name" displayName="Name" parentSchemaName="tc_accounttype" parentDisplayName="Account Type" solution="Active" />
        <Dependent key="18" type="29" displayName="Tc.Account.IfSupplierSetMandatoryFields" id="{b2f504f6-a2aa-e711-810a-5065f38bc531}" />
      </MissingDependency>
      <MissingDependency>
        <Required key="36" type="2" schemaName="tc_iso_code" displayName="Country" parentSchemaName="tc_country" parentDisplayName="Country" solution="Active" />
        <Dependent key="43" type="10" schemaName="tc_address1_country_contact" displayName="tc_address1_country_contact" parentSchemaName="contact" parentDisplayName="Customer" />
      </MissingDependency>
      <MissingDependency>
        <Required key="30" type="2" schemaName="tc_name" displayName="Name" parentSchemaName="tc_store" parentDisplayName="Store" solution="Active" />
        <Dependent key="44" type="10" schemaName="tc_tc_store_contact_Territory" displayName="tc_tc_store_contact_Territory" parentSchemaName="contact" parentDisplayName="Customer" />
      </MissingDependency>
      <MissingDependency>
        <Required key="32" type="2" schemaName="tc_name" displayName="Name" parentSchemaName="tc_cluster" parentDisplayName="Cluster" solution="Active" />
        <Dependent key="45" type="10" schemaName="tc_tc_cluster_contact_Clustermodified" displayName="tc_tc_cluster_contact_Clustermodified" parentSchemaName="contact" parentDisplayName="Customer" />
      </MissingDependency>
      <MissingDependency>
        <Required key="36" type="2" schemaName="tc_iso_code" displayName="Country" parentSchemaName="tc_country" parentDisplayName="Country" solution="Active" />
        <Dependent key="46" type="10" schemaName="tc_source_market_contact" displayName="tc_source_market_contact" parentSchemaName="contact" parentDisplayName="Customer" />
      </MissingDependency>
      <MissingDependency>
        <Required key="38" type="2" schemaName="tc_name" displayName="Name" parentSchemaName="tc_ukregion" parentDisplayName="UK Region" solution="Active" />
        <Dependent key="47" type="10" schemaName="tc_tc_ukregion_contact_Regionmodified" displayName="tc_tc_ukregion_contact_Regionmodified" parentSchemaName="contact" parentDisplayName="Customer" />
      </MissingDependency>
      <MissingDependency>
        <Required key="48" type="9" schemaName="tc_emailaddresstype" displayName="Email Address Type" solution="Active" />
        <Dependent key="49" type="2" schemaName="tc_emailaddress3type" displayName="Email Address 3 Type" parentSchemaName="contact" parentDisplayName="Customer" />
      </MissingDependency>
      <MissingDependency>
        <Required key="50" type="9" schemaName="tc_yesno" displayName="Yes No" solution="Active" />
        <Dependent key="51" type="2" schemaName="tc_marketingpreferencestaken" displayName="Marketing Preferences Taken" parentSchemaName="contact" parentDisplayName="Customer" />
      </MissingDependency>
      <MissingDependency>
        <Required key="52" type="9" schemaName="tc_telephonetype" displayName="Telephone Type" solution="Active" />
        <Dependent key="53" type="2" schemaName="tc_telephone3_type" displayName="Telephone 3 Type" parentSchemaName="account" parentDisplayName="Account" />
      </MissingDependency>
      <MissingDependency>
        <Required key="52" type="9" schemaName="tc_telephonetype" displayName="Telephone Type" solution="Active" />
        <Dependent key="54" type="2" schemaName="tc_telephone1_type" displayName="Telephone 1 Type" parentSchemaName="account" parentDisplayName="Account" />
      </MissingDependency>
      <MissingDependency>
        <Required key="48" type="9" schemaName="tc_emailaddresstype" displayName="Email Address Type" solution="Active" />
        <Dependent key="55" type="2" schemaName="tc_emailaddress3_type" displayName="Email Address 3 Type" parentSchemaName="account" parentDisplayName="Account" />
      </MissingDependency>
      <MissingDependency>
        <Required key="56" type="9" schemaName="tc_financedd" displayName="Finance / DD" solution="Active" />
        <Dependent key="57" type="2" schemaName="tc_paymentbydirectdebit" displayName="Payment By Direct Debit" parentSchemaName="contact" parentDisplayName="Customer" />
      </MissingDependency>
      <MissingDependency>
        <Required key="52" type="9" schemaName="tc_telephonetype" displayName="Telephone Type" solution="Active" />
        <Dependent key="58" type="2" schemaName="tc_telephone2type" displayName="Telephone 2 Type" parentSchemaName="contact" parentDisplayName="Customer" />
      </MissingDependency>
      <MissingDependency>
        <Required key="59" type="9" schemaName="tc_contactchangereason" displayName="Contact Change Reason" solution="Active" />
        <Dependent key="60" type="2" schemaName="tc_keycontactchangereason" displayName="Key Contact Change Reason" parentSchemaName="contact" parentDisplayName="Customer" />
      </MissingDependency>
      <MissingDependency>
        <Required key="48" type="9" schemaName="tc_emailaddresstype" displayName="Email Address Type" solution="Active" />
        <Dependent key="61" type="2" schemaName="tc_emailaddress2_type" displayName="Email Address 2 Type" parentSchemaName="account" parentDisplayName="Account" />
      </MissingDependency>
      <MissingDependency>
        <Required key="62" type="9" schemaName="tc_gender" displayName="Gender" solution="Active" />
        <Dependent key="63" type="2" schemaName="tc_gender" displayName="Gender" parentSchemaName="contact" parentDisplayName="Customer" />
      </MissingDependency>
      <MissingDependency>
        <Required key="52" type="9" schemaName="tc_telephonetype" displayName="Telephone Type" solution="Active" />
        <Dependent key="64" type="2" schemaName="tc_telephone3type" displayName="Telephone 3 Type" parentSchemaName="contact" parentDisplayName="Customer" />
      </MissingDependency>
      <MissingDependency>
        <Required key="48" type="9" schemaName="tc_emailaddresstype" displayName="Email Address Type" solution="Active" />
        <Dependent key="65" type="2" schemaName="tc_emailaddress2type" displayName="Email Address 2 Type" parentSchemaName="contact" parentDisplayName="Customer" />
      </MissingDependency>
      <MissingDependency>
        <Required key="66" type="9" schemaName="tc_salutation" displayName="Salutation" solution="Active" />
        <Dependent key="67" type="2" schemaName="tc_salutation" displayName="Title" parentSchemaName="contact" parentDisplayName="Customer" />
      </MissingDependency>
      <MissingDependency>
        <Required key="50" type="9" schemaName="tc_yesno" displayName="Yes No" solution="Active" />
        <Dependent key="68" type="2" schemaName="tc_marketingbyphone" displayName="Marketing by Phone" parentSchemaName="contact" parentDisplayName="Customer" />
      </MissingDependency>
      <MissingDependency>
        <Required key="50" type="9" schemaName="tc_yesno" displayName="Yes No" solution="Active" />
        <Dependent key="69" type="2" schemaName="tc_sendmarketingbysms" displayName="Send Marketing by SMS" parentSchemaName="contact" parentDisplayName="Customer" />
      </MissingDependency>
      <MissingDependency>
        <Required key="48" type="9" schemaName="tc_emailaddresstype" displayName="Email Address Type" solution="Active" />
        <Dependent key="70" type="2" schemaName="tc_emailaddress1type" displayName="Email Address 1 Type" parentSchemaName="contact" parentDisplayName="Customer" />
      </MissingDependency>
      <MissingDependency>
        <Required key="71" type="9" schemaName="tc_languages" displayName="Languages" solution="Active" />
        <Dependent key="72" type="2" schemaName="tc_language" displayName="Language" parentSchemaName="contact" parentDisplayName="Customer" />
      </MissingDependency>
      <MissingDependency>
        <Required key="52" type="9" schemaName="tc_telephonetype" displayName="Telephone Type" solution="Active" />
        <Dependent key="73" type="2" schemaName="tc_telephone2_type" displayName="Telephone 2 Type" parentSchemaName="account" parentDisplayName="Account" />
      </MissingDependency>
      <MissingDependency>
        <Required key="56" type="9" schemaName="tc_financedd" displayName="Finance / DD" solution="Active" />
        <Dependent key="74" type="2" schemaName="tc_travelfinance" displayName="Travel Finance" parentSchemaName="contact" parentDisplayName="Customer" />
      </MissingDependency>
      <MissingDependency>
        <Required key="75" type="9" schemaName="tc_customersegment" displayName="Customer Segment" solution="Active" />
        <Dependent key="76" type="2" schemaName="tc_segment" displayName="Segment" parentSchemaName="contact" parentDisplayName="Customer" />
      </MissingDependency>
      <MissingDependency>
        <Required key="48" type="9" schemaName="tc_emailaddresstype" displayName="Email Address Type" solution="Active" />
        <Dependent key="77" type="2" schemaName="tc_emailaddress1_type" displayName="Email Address 1 Type" parentSchemaName="account" parentDisplayName="Account" />
      </MissingDependency>
      <MissingDependency>
        <Required key="52" type="9" schemaName="tc_telephonetype" displayName="Telephone Type" solution="Active" />
        <Dependent key="78" type="2" schemaName="tc_telephone1type" displayName="Telephone 1 Type" parentSchemaName="contact" parentDisplayName="Customer" />
      </MissingDependency>
      <MissingDependency>
        <Required key="50" type="9" schemaName="tc_yesno" displayName="Yes No" solution="Active" />
        <Dependent key="79" type="2" schemaName="tc_sendmarketingbypost" displayName="Send Marketing by Post" parentSchemaName="contact" parentDisplayName="Customer" />
      </MissingDependency>
      <MissingDependency>
        <Required key="80" type="9" schemaName="tc_annualinsurance" displayName="Annual Insurance" solution="Active" />
        <Dependent key="81" type="2" schemaName="tc_annualinsurance" displayName="Annual Insurance" parentSchemaName="contact" parentDisplayName="Customer" />
      </MissingDependency>
      <MissingDependency>
        <Required key="50" type="9" schemaName="tc_yesno" displayName="Yes No" solution="Active" />
        <Dependent key="82" type="2" schemaName="tc_sendmarketingbyemail" displayName="Send Marketing by Email" parentSchemaName="contact" parentDisplayName="Customer" />
      </MissingDependency>
      <MissingDependency>
        <Required key="83" type="10" schemaName="tc_contact_tc_customerbookingrole_Customer" displayName="tc_contact_tc_customerbookingrole_Customer" parentSchemaName="tc_customerbookingrole" parentDisplayName="Customer Booking Role" solution="Active" />
        <Dependent key="19" type="60" displayName="IDS Customer" parentDisplayName="Customer" id="{1fed44d1-ae68-4a41-bd2b-f13acac4acfa}" />
      </MissingDependency>
      <MissingDependency>
        <Required key="84" type="10" schemaName="tc_contact_tc_bookingsummary_customerid" displayName="tc_contact_tc_bookingsummary_customerid" parentSchemaName="tc_bookingsummary" parentDisplayName="Booking Summary" solution="Active" />
        <Dependent key="16" type="60" displayName="Retail Customer" parentDisplayName="Customer" id="{9e52c4e1-4a67-472a-8a42-ec15c9291fb1}" />
      </MissingDependency>
      <MissingDependency>
        <Required key="85" type="10" schemaName="tc_account_tc_customerbookingrole_Customer" displayName="tc_account_tc_customerbookingrole_Customer" parentSchemaName="tc_customerbookingrole" parentDisplayName="Customer Booking Role" solution="Active" />
        <Dependent key="86" type="60" displayName="Account" parentDisplayName="Account" id="{8448b78f-8f42-454e-8e2a-f8196b0419af}" />
      </MissingDependency>
      <MissingDependency>
        <Required key="12" type="1" schemaName="tc_country" displayName="Country" solution="Active" />
        <Dependent key="40" type="10" schemaName="tc_tc_country_account" displayName="tc_tc_country_account" parentSchemaName="account" parentDisplayName="Account" />
      </MissingDependency>
      <MissingDependency>
        <Required key="26" type="1" schemaName="tc_store" displayName="Store" solution="Active" />
        <Dependent key="44" type="10" schemaName="tc_tc_store_contact_Territory" displayName="tc_tc_store_contact_Territory" parentSchemaName="contact" parentDisplayName="Customer" />
      </MissingDependency>
      <MissingDependency>
        <Required key="12" type="1" schemaName="tc_country" displayName="Country" solution="Active" />
        <Dependent key="46" type="10" schemaName="tc_source_market_contact" displayName="tc_source_market_contact" parentSchemaName="contact" parentDisplayName="Customer" />
      </MissingDependency>
      <MissingDependency>
        <Required key="24" type="1" schemaName="tc_ukregion" displayName="UK Region" solution="Active" />
        <Dependent key="47" type="10" schemaName="tc_tc_ukregion_contact_Regionmodified" displayName="tc_tc_ukregion_contact_Regionmodified" parentSchemaName="contact" parentDisplayName="Customer" />
      </MissingDependency>
      <MissingDependency>
        <Required key="12" type="1" schemaName="tc_country" displayName="Country" solution="Active" />
        <Dependent key="43" type="10" schemaName="tc_address1_country_contact" displayName="tc_address1_country_contact" parentSchemaName="contact" parentDisplayName="Customer" />
      </MissingDependency>
      <MissingDependency>
        <Required key="26" type="1" schemaName="tc_store" displayName="Store" solution="Active" />
        <Dependent key="31" type="10" schemaName="tc_tc_store_contact_Storemodified" displayName="tc_tc_store_contact_Storemodified" parentSchemaName="contact" parentDisplayName="Customer" />
      </MissingDependency>
      <MissingDependency>
        <Required key="22" type="1" schemaName="tc_cluster" displayName="Cluster" solution="Active" />
        <Dependent key="45" type="10" schemaName="tc_tc_cluster_contact_Clustermodified" displayName="tc_tc_cluster_contact_Clustermodified" parentSchemaName="contact" parentDisplayName="Customer" />
      </MissingDependency>
      <MissingDependency>
        <Required key="87" type="20" displayName="Tc.Ids.Manager" solution="Active" id="{a2518d2f-f9f8-e611-8107-3863bb34fb48}" />
        <Dependent key="19" type="60" displayName="IDS Customer" parentDisplayName="Customer" id="{1fed44d1-ae68-4a41-bd2b-f13acac4acfa}" />
      </MissingDependency>
      <MissingDependency>
        <Required key="88" type="20" displayName="Tc.CustomerRelations.WNSManager" solution="Active" id="{808ffa91-f8f8-e611-8107-3863bb34fb48}" />
        <Dependent key="19" type="60" displayName="IDS Customer" parentDisplayName="Customer" id="{1fed44d1-ae68-4a41-bd2b-f13acac4acfa}" />
      </MissingDependency>
      <MissingDependency>
        <Required key="89" type="20" displayName="Tc.Ids.Rep" solution="Active" id="{2eef0323-f9f8-e611-8107-3863bb34fb48}" />
        <Dependent key="19" type="60" displayName="IDS Customer" parentDisplayName="Customer" id="{1fed44d1-ae68-4a41-bd2b-f13acac4acfa}" />
      </MissingDependency>
      <MissingDependency>
        <Required key="90" type="20" displayName="Tc.Ids.ConnectedServices.OpsDevManager" solution="Active" id="{ef5563ee-f9f8-e611-8107-3863bb34fb48}" />
        <Dependent key="19" type="60" displayName="IDS Customer" parentDisplayName="Customer" id="{1fed44d1-ae68-4a41-bd2b-f13acac4acfa}" />
      </MissingDependency>
      <MissingDependency>
        <Required key="91" type="20" displayName="Tc.CustomerRelations.WNSAgent" solution="Active" id="{a87c699e-f8f8-e611-8107-3863bb34fb48}" />
        <Dependent key="19" type="60" displayName="IDS Customer" parentDisplayName="Customer" id="{1fed44d1-ae68-4a41-bd2b-f13acac4acfa}" />
      </MissingDependency>
      <MissingDependency>
        <Required key="92" type="20" displayName="Tc.CustomerRelations.Agent" solution="Active" id="{f21e987f-f8f8-e611-8107-3863bb34fb48}" />
        <Dependent key="19" type="60" displayName="IDS Customer" parentDisplayName="Customer" id="{1fed44d1-ae68-4a41-bd2b-f13acac4acfa}" />
      </MissingDependency>
      <MissingDependency>
        <Required key="93" type="20" displayName="Tc.Group.HealthSafety" solution="Active" id="{2fa23aa7-b205-e711-8109-3863bb34fb48}" />
        <Dependent key="19" type="60" displayName="IDS Customer" parentDisplayName="Customer" id="{1fed44d1-ae68-4a41-bd2b-f13acac4acfa}" />
      </MissingDependency>
      <MissingDependency>
        <Required key="94" type="20" displayName="Tc.CustomerRelations.DutyOfficer" solution="Active" id="{fcaf7d02-b305-e711-8109-3863bb34fb48}" />
        <Dependent key="19" type="60" displayName="IDS Customer" parentDisplayName="Customer" id="{1fed44d1-ae68-4a41-bd2b-f13acac4acfa}" />
      </MissingDependency>
      <MissingDependency>
        <Required key="95" type="20" displayName="Tc.Ids.ConnectedServices.Consultant" solution="Active" id="{a65769fa-f9f8-e611-8107-3863bb34fb48}" />
        <Dependent key="19" type="60" displayName="IDS Customer" parentDisplayName="Customer" id="{1fed44d1-ae68-4a41-bd2b-f13acac4acfa}" />
      </MissingDependency>
      <MissingDependency>
        <Required key="96" type="20" displayName="Tc.CustomerRelations.Base" solution="Active" id="{6bdb42af-86fa-e611-8100-3863bb354ff0}" />
        <Dependent key="19" type="60" displayName="IDS Customer" parentDisplayName="Customer" id="{1fed44d1-ae68-4a41-bd2b-f13acac4acfa}" />
      </MissingDependency>
      <MissingDependency>
        <Required key="97" type="20" displayName="Tc.PowerUser" solution="Active" id="{f6627159-76fa-e611-8108-3863bb34fb48}" />
        <Dependent key="19" type="60" displayName="IDS Customer" parentDisplayName="Customer" id="{1fed44d1-ae68-4a41-bd2b-f13acac4acfa}" />
      </MissingDependency>
      <MissingDependency>
        <Required key="98" type="20" displayName="Tc.CustomerRelations.Manager" solution="Active" id="{f9c784c3-f9f8-e611-8107-3863bb34fb48}" />
        <Dependent key="19" type="60" displayName="IDS Customer" parentDisplayName="Customer" id="{1fed44d1-ae68-4a41-bd2b-f13acac4acfa}" />
      </MissingDependency>
      <MissingDependency>
        <Required key="99" type="20" displayName="Tc.Ids.ConnectedServices.SeniorConsultant" solution="Active" id="{5c0f71f4-f9f8-e611-8107-3863bb34fb48}" />
        <Dependent key="19" type="60" displayName="IDS Customer" parentDisplayName="Customer" id="{1fed44d1-ae68-4a41-bd2b-f13acac4acfa}" />
      </MissingDependency>
      <MissingDependency>
        <Required key="100" type="20" displayName="Tc.CustomerRelations.TrainingManager" solution="Active" id="{834ba58b-f8f8-e611-8107-3863bb34fb48}" />
        <Dependent key="19" type="60" displayName="IDS Customer" parentDisplayName="Customer" id="{1fed44d1-ae68-4a41-bd2b-f13acac4acfa}" />
      </MissingDependency>
      <MissingDependency>
        <Required key="101" type="20" displayName="Tc.Ids.Administration" solution="Active" id="{1fc1d43b-f9f8-e611-8107-3863bb34fb48}" />
        <Dependent key="19" type="60" displayName="IDS Customer" parentDisplayName="Customer" id="{1fed44d1-ae68-4a41-bd2b-f13acac4acfa}" />
      </MissingDependency>
      <MissingDependency>
        <Required key="102" type="20" displayName="Tc.Ids.QualityManager" solution="Active" id="{e478dc35-f9f8-e611-8107-3863bb34fb48}" />
        <Dependent key="19" type="60" displayName="IDS Customer" parentDisplayName="Customer" id="{1fed44d1-ae68-4a41-bd2b-f13acac4acfa}" />
      </MissingDependency>
      <MissingDependency>
        <Required key="103" type="20" displayName="Tc.Administator.SystemMaintenance" solution="Active" id="{6fd27bee-defc-e611-8108-3863bb34fb48}" />
        <Dependent key="19" type="60" displayName="IDS Customer" parentDisplayName="Customer" id="{1fed44d1-ae68-4a41-bd2b-f13acac4acfa}" />
      </MissingDependency>
      <MissingDependency>
        <Required key="104" type="20" displayName="Tc.Integration.CTI" solution="Active" id="{2d8ae3cf-1f3f-e711-810b-e0071b66e0a1}" />
        <Dependent key="19" type="60" displayName="IDS Customer" parentDisplayName="Customer" id="{1fed44d1-ae68-4a41-bd2b-f13acac4acfa}" />
      </MissingDependency>
      <MissingDependency>
        <Required key="105" type="20" displayName="Tc.CustomerRelations.WNSFinance" solution="Active" id="{ad31700e-a129-e711-810e-3863bb34fb48}" />
        <Dependent key="19" type="60" displayName="IDS Customer" parentDisplayName="Customer" id="{1fed44d1-ae68-4a41-bd2b-f13acac4acfa}" />
      </MissingDependency>
      <MissingDependency>
        <Required key="106" type="20" displayName="Tc.Integration.Base" solution="Active" id="{f765a7da-d33e-e711-810b-e0071b66e0a1}" />
        <Dependent key="19" type="60" displayName="IDS Customer" parentDisplayName="Customer" id="{1fed44d1-ae68-4a41-bd2b-f13acac4acfa}" />
      </MissingDependency>
      <MissingDependency>
        <Required key="107" type="20" displayName="Tc.Ids.Base" solution="Active" id="{d14317c4-18f8-e611-80ff-3863bb354ff0}" />
        <Dependent key="19" type="60" displayName="IDS Customer" parentDisplayName="Customer" id="{1fed44d1-ae68-4a41-bd2b-f13acac4acfa}" />
      </MissingDependency>
      <MissingDependency>
        <Required key="108" type="20" displayName="Tc.Uk.Retail.Level3" solution="Active" id="{9f45f379-8573-e711-8106-e0071b65ce81}" />
        <Dependent key="16" type="60" displayName="Retail Customer" parentDisplayName="Customer" id="{9e52c4e1-4a67-472a-8a42-ec15c9291fb1}" />
      </MissingDependency>
      <MissingDependency>
        <Required key="109" type="20" displayName="Tc.Retail.ClusterManager" solution="Active" id="{1a795b7d-1563-e711-8105-e0071b65ce81}" />
        <Dependent key="16" type="60" displayName="Retail Customer" parentDisplayName="Customer" id="{9e52c4e1-4a67-472a-8a42-ec15c9291fb1}" />
      </MissingDependency>
      <MissingDependency>
        <Required key="103" type="20" displayName="Tc.Administator.SystemMaintenance" solution="Active" id="{6fd27bee-defc-e611-8108-3863bb34fb48}" />
        <Dependent key="16" type="60" displayName="Retail Customer" parentDisplayName="Customer" id="{9e52c4e1-4a67-472a-8a42-ec15c9291fb1}" />
      </MissingDependency>
      <MissingDependency>
        <Required key="110" type="20" displayName="Tc.Retail.AssistantManager" solution="Active" id="{9a5cefa5-1563-e711-8105-e0071b65ce81}" />
        <Dependent key="16" type="60" displayName="Retail Customer" parentDisplayName="Customer" id="{9e52c4e1-4a67-472a-8a42-ec15c9291fb1}" />
      </MissingDependency>
      <MissingDependency>
        <Required key="111" type="20" displayName="Tc.Uk.Retail.Base" solution="Active" id="{237424f5-4657-e711-8107-e0071b66a0a1}" />
        <Dependent key="16" type="60" displayName="Retail Customer" parentDisplayName="Customer" id="{9e52c4e1-4a67-472a-8a42-ec15c9291fb1}" />
      </MissingDependency>
      <MissingDependency>
        <Required key="112" type="20" displayName="Tc.Uk.Retail.Level1" solution="Active" id="{d52ebb5d-8573-e711-8106-e0071b65ce81}" />
        <Dependent key="16" type="60" displayName="Retail Customer" parentDisplayName="Customer" id="{9e52c4e1-4a67-472a-8a42-ec15c9291fb1}" />
      </MissingDependency>
      <MissingDependency>
        <Required key="113" type="20" displayName="Tc.Retail.RegionalManager" solution="Active" id="{c477d8c4-1563-e711-8105-e0071b65ce81}" />
        <Dependent key="16" type="60" displayName="Retail Customer" parentDisplayName="Customer" id="{9e52c4e1-4a67-472a-8a42-ec15c9291fb1}" />
      </MissingDependency>
      <MissingDependency>
        <Required key="114" type="20" displayName="Tc.Uk.Retail.Level2" solution="Active" id="{b0bfe36d-8573-e711-8106-e0071b65ce81}" />
        <Dependent key="16" type="60" displayName="Retail Customer" parentDisplayName="Customer" id="{9e52c4e1-4a67-472a-8a42-ec15c9291fb1}" />
      </MissingDependency>
      <MissingDependency>
        <Required key="115" type="26" schemaName="Active Source Market" displayName="Active Source Market" parentSchemaName="tc_country" parentDisplayName="Country" solution="Active" id="{e1046024-a410-e711-8102-3863bb354ff0}" />
        <Dependent key="16" type="60" displayName="Retail Customer" parentDisplayName="Customer" id="{9e52c4e1-4a67-472a-8a42-ec15c9291fb1}" />
      </MissingDependency>
      <MissingDependency>
        <Required key="116" type="26" schemaName="Confirmed Bookings Due to Travel" displayName="Confirmed Bookings Due to Travel" parentSchemaName="tc_bookingsummary" parentDisplayName="Booking Summary" solution="Active" id="{3dbae2ee-0ba2-e711-8106-5065f38b74a1}" />
        <Dependent key="16" type="60" displayName="Retail Customer" parentDisplayName="Customer" id="{9e52c4e1-4a67-472a-8a42-ec15c9291fb1}" />
      </MissingDependency>
      <MissingDependency>
        <Required key="117" type="26" schemaName="Active Travel Planners with Quote" displayName="Active Travel Planners with Quote" parentSchemaName="opportunity" parentDisplayName="Travel Planner" solution="Active" id="{97b1a0f2-c4a2-e711-8107-5065f38bd561}" />
        <Dependent key="16" type="60" displayName="Retail Customer" parentDisplayName="Customer" id="{9e52c4e1-4a67-472a-8a42-ec15c9291fb1}" />
      </MissingDependency>
      <MissingDependency>
        <Required key="118" type="26" schemaName="Cluster Lookup View" displayName="Cluster Lookup View" parentSchemaName="tc_cluster" parentDisplayName="Cluster" solution="Active" id="{ce11bcee-528b-4549-9eeb-4e8b122dcc3c}" />
        <Dependent key="16" type="60" displayName="Retail Customer" parentDisplayName="Customer" id="{9e52c4e1-4a67-472a-8a42-ec15c9291fb1}" />
      </MissingDependency>
      <MissingDependency>
        <Required key="119" type="26" schemaName="Store Lookup View" displayName="Store Lookup View" parentSchemaName="tc_store" parentDisplayName="Store" solution="Active" id="{2e1df249-9918-4633-9131-a9e241b185da}" />
        <Dependent key="16" type="60" displayName="Retail Customer" parentDisplayName="Customer" id="{9e52c4e1-4a67-472a-8a42-ec15c9291fb1}" />
      </MissingDependency>
      <MissingDependency>
        <Required key="120" type="26" schemaName="Country Lookup View" displayName="Country Lookup View" parentSchemaName="tc_country" parentDisplayName="Country" solution="Active" id="{314a3412-d6be-4950-bdd7-6efed38e8c83}" />
        <Dependent key="16" type="60" displayName="Retail Customer" parentDisplayName="Customer" id="{9e52c4e1-4a67-472a-8a42-ec15c9291fb1}" />
      </MissingDependency>
      <MissingDependency>
        <Required key="121" type="26" schemaName="Bookings Travelled or Cancelled" displayName="Bookings Travelled or Cancelled" parentSchemaName="tc_bookingsummary" parentDisplayName="Booking Summary" solution="Active" id="{0071c030-11a2-e711-8106-5065f38b74a1}" />
        <Dependent key="16" type="60" displayName="Retail Customer" parentDisplayName="Customer" id="{9e52c4e1-4a67-472a-8a42-ec15c9291fb1}" />
      </MissingDependency>
      <MissingDependency>
        <Required key="122" type="26" schemaName="Active Travel Planners without Quote" displayName="Active Travel Planners without Quote" parentSchemaName="opportunity" parentDisplayName="Travel Planner" solution="Active" id="{4a92054c-56f4-e711-8115-5065f38bc531}" />
        <Dependent key="16" type="60" displayName="Retail Customer" parentDisplayName="Customer" id="{9e52c4e1-4a67-472a-8a42-ec15c9291fb1}" />
      </MissingDependency>
      <MissingDependency>
        <Required key="123" type="26" schemaName="Inactive Travel Planners &amp; Quotes (All)" displayName="Inactive Travel Planners &amp; Quotes (All)" parentSchemaName="opportunity" parentDisplayName="Travel Planner" solution="Active" id="{eb76b9ca-caa2-e711-8107-5065f38bd561}" />
        <Dependent key="16" type="60" displayName="Retail Customer" parentDisplayName="Customer" id="{9e52c4e1-4a67-472a-8a42-ec15c9291fb1}" />
      </MissingDependency>
      <MissingDependency>
        <Required key="124" type="26" schemaName="All Cases on Customer" displayName="All Cases on Customer" parentSchemaName="incident" parentDisplayName="Case" solution="Active" id="{aba8608f-c3dc-e611-8103-3863bb340dd8}" />
        <Dependent key="16" type="60" displayName="Retail Customer" parentDisplayName="Customer" id="{9e52c4e1-4a67-472a-8a42-ec15c9291fb1}" />
      </MissingDependency>
      <MissingDependency>
        <Required key="125" type="26" schemaName="UK Region Lookup View" displayName="UK Region Lookup View" parentSchemaName="tc_ukregion" parentDisplayName="UK Region" solution="Active" id="{e9007225-dbbe-4ce3-85e7-63e3acffeb80}" />
        <Dependent key="16" type="60" displayName="Retail Customer" parentDisplayName="Customer" id="{9e52c4e1-4a67-472a-8a42-ec15c9291fb1}" />
      </MissingDependency>
      <MissingDependency>
        <Required key="126" type="26" schemaName="Active Booking summaries" displayName="Active Booking summaries" parentSchemaName="tc_bookingsummary" parentDisplayName="Booking Summary" solution="Active" id="{dcd0d1a8-5ca1-4b82-8b1d-b8bc37fcf92f}" />
        <Dependent key="16" type="60" displayName="Retail Customer" parentDisplayName="Customer" id="{9e52c4e1-4a67-472a-8a42-ec15c9291fb1}" />
      </MissingDependency>
      <MissingDependency>
        <Required key="127" type="26" schemaName="Active Customer Booking Roles" displayName="Active Customer Booking Roles" parentSchemaName="tc_customerbookingrole" parentDisplayName="Customer Booking Role" solution="Active" id="{44f4bb5c-4dea-4732-80e9-de74f47b223f}" />
        <Dependent key="19" type="60" displayName="IDS Customer" parentDisplayName="Customer" id="{1fed44d1-ae68-4a41-bd2b-f13acac4acfa}" />
      </MissingDependency>
      <MissingDependency>
        <Required key="125" type="26" schemaName="UK Region Lookup View" displayName="UK Region Lookup View" parentSchemaName="tc_ukregion" parentDisplayName="UK Region" solution="Active" id="{e9007225-dbbe-4ce3-85e7-63e3acffeb80}" />
        <Dependent key="19" type="60" displayName="IDS Customer" parentDisplayName="Customer" id="{1fed44d1-ae68-4a41-bd2b-f13acac4acfa}" />
      </MissingDependency>
      <MissingDependency>
        <Required key="128" type="26" schemaName="Active Social Profiles from Customer" displayName="Active Social Profiles from Customer" parentSchemaName="socialprofile" parentDisplayName="Social Profile" solution="Active" id="{72427fcb-0700-e711-8100-3863bb354ff0}" />
        <Dependent key="19" type="60" displayName="IDS Customer" parentDisplayName="Customer" id="{1fed44d1-ae68-4a41-bd2b-f13acac4acfa}" />
      </MissingDependency>
      <MissingDependency>
        <Required key="119" type="26" schemaName="Store Lookup View" displayName="Store Lookup View" parentSchemaName="tc_store" parentDisplayName="Store" solution="Active" id="{2e1df249-9918-4633-9131-a9e241b185da}" />
        <Dependent key="19" type="60" displayName="IDS Customer" parentDisplayName="Customer" id="{1fed44d1-ae68-4a41-bd2b-f13acac4acfa}" />
      </MissingDependency>
      <MissingDependency>
        <Required key="129" type="26" schemaName="Customer's Bookings &amp; Roles" displayName="Customer's Bookings &amp; Roles" parentSchemaName="tc_customerbookingrole" parentDisplayName="Customer Booking Role" solution="Active" id="{829d6477-c8dc-e611-8103-3863bb340dd8}" />
        <Dependent key="19" type="60" displayName="IDS Customer" parentDisplayName="Customer" id="{1fed44d1-ae68-4a41-bd2b-f13acac4acfa}" />
      </MissingDependency>
      <MissingDependency>
        <Required key="118" type="26" schemaName="Cluster Lookup View" displayName="Cluster Lookup View" parentSchemaName="tc_cluster" parentDisplayName="Cluster" solution="Active" id="{ce11bcee-528b-4549-9eeb-4e8b122dcc3c}" />
        <Dependent key="19" type="60" displayName="IDS Customer" parentDisplayName="Customer" id="{1fed44d1-ae68-4a41-bd2b-f13acac4acfa}" />
      </MissingDependency>
      <MissingDependency>
        <Required key="124" type="26" schemaName="All Cases on Customer" displayName="All Cases on Customer" parentSchemaName="incident" parentDisplayName="Case" solution="Active" id="{aba8608f-c3dc-e611-8103-3863bb340dd8}" />
        <Dependent key="19" type="60" displayName="IDS Customer" parentDisplayName="Customer" id="{1fed44d1-ae68-4a41-bd2b-f13acac4acfa}" />
      </MissingDependency>
      <MissingDependency>
        <Required key="120" type="26" schemaName="Country Lookup View" displayName="Country Lookup View" parentSchemaName="tc_country" parentDisplayName="Country" solution="Active" id="{314a3412-d6be-4950-bdd7-6efed38e8c83}" />
        <Dependent key="19" type="60" displayName="IDS Customer" parentDisplayName="Customer" id="{1fed44d1-ae68-4a41-bd2b-f13acac4acfa}" />
      </MissingDependency>
      <MissingDependency>
        <Required key="115" type="26" schemaName="Active Source Market" displayName="Active Source Market" parentSchemaName="tc_country" parentDisplayName="Country" solution="Active" id="{e1046024-a410-e711-8102-3863bb354ff0}" />
        <Dependent key="19" type="60" displayName="IDS Customer" parentDisplayName="Customer" id="{1fed44d1-ae68-4a41-bd2b-f13acac4acfa}" />
      </MissingDependency>
      <MissingDependency>
        <Required key="115" type="26" schemaName="Active Source Market" displayName="Active Source Market" parentSchemaName="tc_country" parentDisplayName="Country" solution="Active" id="{e1046024-a410-e711-8102-3863bb354ff0}" />
        <Dependent key="130" type="60" displayName="Contact Quick Create" parentDisplayName="Customer" id="{661157fe-2fc9-4eaa-835f-5bfa2f7b64f7}" />
      </MissingDependency>
      <MissingDependency>
        <Required key="120" type="26" schemaName="Country Lookup View" displayName="Country Lookup View" parentSchemaName="tc_country" parentDisplayName="Country" solution="Active" id="{314a3412-d6be-4950-bdd7-6efed38e8c83}" />
        <Dependent key="130" type="60" displayName="Contact Quick Create" parentDisplayName="Customer" id="{661157fe-2fc9-4eaa-835f-5bfa2f7b64f7}" />
      </MissingDependency>
      <MissingDependency>
        <Required key="115" type="26" schemaName="Active Source Market" displayName="Active Source Market" parentSchemaName="tc_country" parentDisplayName="Country" solution="Active" id="{e1046024-a410-e711-8102-3863bb354ff0}" />
        <Dependent key="86" type="60" displayName="Account" parentDisplayName="Account" id="{8448b78f-8f42-454e-8e2a-f8196b0419af}" />
      </MissingDependency>
      <MissingDependency>
        <Required key="120" type="26" schemaName="Country Lookup View" displayName="Country Lookup View" parentSchemaName="tc_country" parentDisplayName="Country" solution="Active" id="{314a3412-d6be-4950-bdd7-6efed38e8c83}" />
        <Dependent key="86" type="60" displayName="Account" parentDisplayName="Account" id="{8448b78f-8f42-454e-8e2a-f8196b0419af}" />
      </MissingDependency>
      <MissingDependency>
        <Required key="131" type="26" schemaName="Gateway Lookup View" displayName="Gateway Lookup View" parentSchemaName="tc_gateway" parentDisplayName="Gateway" solution="Active" id="{4e29cb42-f586-45b8-9d57-af21cea59536}" />
        <Dependent key="86" type="60" displayName="Account" parentDisplayName="Account" id="{8448b78f-8f42-454e-8e2a-f8196b0419af}" />
      </MissingDependency>
      <MissingDependency>
        <Required key="132" type="59" schemaName="By Owner &amp; CR SLA Status" displayName="By Owner &amp; CR SLA Status" parentSchemaName="incident" parentDisplayName="Case" solution="Active" id="{5b2ea729-2e15-e711-8110-1458d041f8e8}" />
        <Dependent key="16" type="60" displayName="Retail Customer" parentDisplayName="Customer" id="{9e52c4e1-4a67-472a-8a42-ec15c9291fb1}" />
      </MissingDependency>
      <MissingDependency>
        <Required key="133" type="70" displayName="Tc.Uk.Retail.UserLevel3" solution="Active" id="{742aa960-9f7d-e711-8104-5065f38bb571}" />
        <Dependent key="133" type="70" displayName="Tc.Uk.Retail.UserLevel3" id="{742aa960-9f7d-e711-8104-5065f38bb571}" />
      </MissingDependency>
      <MissingDependency>
        <Required key="134" type="70" displayName="Tc.CompensationLine.BACS.processing" solution="Active" id="{e101fdc2-9714-e711-810c-3863bb34fb48}" />
        <Dependent key="134" type="70" displayName="Tc.CompensationLine.BACS.processing" id="{e101fdc2-9714-e711-810c-3863bb34fb48}" />
      </MissingDependency>
      <MissingDependency>
        <Required key="135" type="70" displayName="Tc.Case.HealthandSafety" solution="Active" id="{f249bb95-f424-e711-8104-3863bb354ff0}" />
        <Dependent key="135" type="70" displayName="Tc.Case.HealthandSafety" id="{f249bb95-f424-e711-8104-3863bb354ff0}" />
      </MissingDependency>
      <MissingDependency>
        <Required key="136" type="70" displayName="Tc.Base" solution="Active" id="{596e68a9-f203-e711-810d-1458d041f8e8}" />
        <Dependent key="136" type="70" displayName="Tc.Base" id="{596e68a9-f203-e711-810d-1458d041f8e8}" />
      </MissingDependency>
      <MissingDependency>
        <Required key="137" type="70" displayName="Tc.SystemMaintenance" solution="Active" id="{a8c7b94e-f203-e711-810d-1458d041f8e8}" />
        <Dependent key="137" type="70" displayName="Tc.SystemMaintenance" id="{a8c7b94e-f203-e711-810d-1458d041f8e8}" />
      </MissingDependency>
      <MissingDependency>
        <Required key="138" type="70" displayName="Tc.CompensationLine.VoucherUpdate" solution="Active" id="{3ab8f05d-ce54-e711-8127-e0071b659e11}" />
        <Dependent key="138" type="70" displayName="Tc.CompensationLine.VoucherUpdate" id="{3ab8f05d-ce54-e711-8127-e0071b659e11}" />
      </MissingDependency>
      <MissingDependency>
        <Required key="139" type="70" displayName="Tc.Uk.Retail.UserLevel2" solution="Active" id="{4750efb7-2878-e711-8102-5065f38b74a1}" />
        <Dependent key="139" type="70" displayName="Tc.Uk.Retail.UserLevel2" id="{4750efb7-2878-e711-8102-5065f38b74a1}" />
      </MissingDependency>
      <MissingDependency>
        <Required key="140" type="70" displayName="Tc.Uk.Retail.UserLevel1" solution="Active" id="{9fc68dbe-3587-e711-8105-5065f38bc531}" />
        <Dependent key="140" type="70" displayName="Tc.Uk.Retail.UserLevel1" id="{9fc68dbe-3587-e711-8105-5065f38bc531}" />
      </MissingDependency>
      <MissingDependency>
        <Required key="141" type="61" schemaName="gbg_/html/m360.htm" displayName="gbg_/html/m360.htm" solution="Matchcode360 (1.0.0.6)" />
        <Dependent key="16" type="60" displayName="Retail Customer" parentDisplayName="Customer" id="{9e52c4e1-4a67-472a-8a42-ec15c9291fb1}" />
      </MissingDependency>
      <MissingDependency>
        <Required key="142" type="61" schemaName="tc_Tc.Crm.Scripts.Common.js" displayName="tc_Tc.Crm.Scripts.Common.js" solution="Active" />
        <Dependent key="16" type="60" displayName="Retail Customer" parentDisplayName="Customer" id="{9e52c4e1-4a67-472a-8a42-ec15c9291fb1}" />
      </MissingDependency>
      <MissingDependency>
        <Required key="143" type="61" schemaName="tc_es6promise.js" displayName="tc_es6promise.js" solution="Active" />
        <Dependent key="144" type="60" displayName="Account Quick Create" parentDisplayName="Account" id="{c9e7ec2d-efca-4e4c-b3e3-f63c4bba5e4b}" />
      </MissingDependency>
      <MissingDependency>
        <Required key="145" type="61" schemaName="tc_Tc.Crm.Scripts.Events.Account" displayName="tc_Tc.Crm.Scripts.Events.Account" solution="Active" />
        <Dependent key="144" type="60" displayName="Account Quick Create" parentDisplayName="Account" id="{c9e7ec2d-efca-4e4c-b3e3-f63c4bba5e4b}" />
      </MissingDependency>
      <MissingDependency>
        <Required key="146" type="61" schemaName="tc_Tc.Crm.Scripts.Utils.Validation.js" displayName="tc_Tc.Crm.Scripts.Utils.Validation.js" solution="Active" />
        <Dependent key="144" type="60" displayName="Account Quick Create" parentDisplayName="Account" id="{c9e7ec2d-efca-4e4c-b3e3-f63c4bba5e4b}" />
      </MissingDependency>
      <MissingDependency>
        <Required key="142" type="61" schemaName="tc_Tc.Crm.Scripts.Common.js" displayName="tc_Tc.Crm.Scripts.Common.js" solution="Active" />
        <Dependent key="144" type="60" displayName="Account Quick Create" parentDisplayName="Account" id="{c9e7ec2d-efca-4e4c-b3e3-f63c4bba5e4b}" />
      </MissingDependency>
      <MissingDependency>
        <Required key="143" type="61" schemaName="tc_es6promise.js" displayName="tc_es6promise.js" solution="Active" />
        <Dependent key="16" type="60" displayName="Retail Customer" parentDisplayName="Customer" id="{9e52c4e1-4a67-472a-8a42-ec15c9291fb1}" />
      </MissingDependency>
      <MissingDependency>
        <Required key="146" type="61" schemaName="tc_Tc.Crm.Scripts.Utils.Validation.js" displayName="tc_Tc.Crm.Scripts.Utils.Validation.js" solution="Active" />
        <Dependent key="16" type="60" displayName="Retail Customer" parentDisplayName="Customer" id="{9e52c4e1-4a67-472a-8a42-ec15c9291fb1}" />
      </MissingDependency>
      <MissingDependency>
        <Required key="147" type="61" schemaName="tc_Tc.Crm.Scripts.Events.Contact.Retail.js" displayName="tc_Tc.Crm.Scripts.Events.Contact.Retail.js" solution="Active" />
        <Dependent key="16" type="60" displayName="Retail Customer" parentDisplayName="Customer" id="{9e52c4e1-4a67-472a-8a42-ec15c9291fb1}" />
      </MissingDependency>
      <MissingDependency>
        <Required key="148" type="61" schemaName="tc_Tc.Crm.Scripts.Events.Contact.Ids.js" displayName="tc_Tc.Crm.Scripts.Events.Contact.Ids.js" solution="Active" />
        <Dependent key="19" type="60" displayName="IDS Customer" parentDisplayName="Customer" id="{1fed44d1-ae68-4a41-bd2b-f13acac4acfa}" />
      </MissingDependency>
      <MissingDependency>
        <Required key="143" type="61" schemaName="tc_es6promise.js" displayName="tc_es6promise.js" solution="Active" />
        <Dependent key="19" type="60" displayName="IDS Customer" parentDisplayName="Customer" id="{1fed44d1-ae68-4a41-bd2b-f13acac4acfa}" />
      </MissingDependency>
      <MissingDependency>
        <Required key="142" type="61" schemaName="tc_Tc.Crm.Scripts.Common.js" displayName="tc_Tc.Crm.Scripts.Common.js" solution="Active" />
        <Dependent key="19" type="60" displayName="IDS Customer" parentDisplayName="Customer" id="{1fed44d1-ae68-4a41-bd2b-f13acac4acfa}" />
      </MissingDependency>
      <MissingDependency>
        <Required key="149" type="61" schemaName="tc_Tc.Crm.Scripts.Utils.Mobile.Offline.Config.Contact.js" displayName="tc_Tc.Crm.Scripts.Utils.Mobile.Offline.Config.Contact.js" solution="Active" />
        <Dependent key="19" type="60" displayName="IDS Customer" parentDisplayName="Customer" id="{1fed44d1-ae68-4a41-bd2b-f13acac4acfa}" />
      </MissingDependency>
      <MissingDependency>
        <Required key="150" type="61" schemaName="tc_Tc.Crm.Scripts.Library.Contact.js" displayName="tc_Tc.Crm.Scripts.Library.Contact.js" solution="Active" />
        <Dependent key="19" type="60" displayName="IDS Customer" parentDisplayName="Customer" id="{1fed44d1-ae68-4a41-bd2b-f13acac4acfa}" />
      </MissingDependency>
      <MissingDependency>
        <Required key="151" type="61" schemaName="tc_Tc.Crm.Scripts.Utils.Mobile.Offline.Mapping.js" displayName="tc_Tc.Crm.Scripts.Utils.Mobile.Offline.Mapping.js" solution="Active" />
        <Dependent key="19" type="60" displayName="IDS Customer" parentDisplayName="Customer" id="{1fed44d1-ae68-4a41-bd2b-f13acac4acfa}" />
      </MissingDependency>
      <MissingDependency>
        <Required key="146" type="61" schemaName="tc_Tc.Crm.Scripts.Utils.Validation.js" displayName="tc_Tc.Crm.Scripts.Utils.Validation.js" solution="Active" />
        <Dependent key="19" type="60" displayName="IDS Customer" parentDisplayName="Customer" id="{1fed44d1-ae68-4a41-bd2b-f13acac4acfa}" />
      </MissingDependency>
      <MissingDependency>
        <Required key="146" type="61" schemaName="tc_Tc.Crm.Scripts.Utils.Validation.js" displayName="tc_Tc.Crm.Scripts.Utils.Validation.js" solution="Active" />
        <Dependent key="130" type="60" displayName="Contact Quick Create" parentDisplayName="Customer" id="{661157fe-2fc9-4eaa-835f-5bfa2f7b64f7}" />
      </MissingDependency>
      <MissingDependency>
        <Required key="150" type="61" schemaName="tc_Tc.Crm.Scripts.Library.Contact.js" displayName="tc_Tc.Crm.Scripts.Library.Contact.js" solution="Active" />
        <Dependent key="130" type="60" displayName="Contact Quick Create" parentDisplayName="Customer" id="{661157fe-2fc9-4eaa-835f-5bfa2f7b64f7}" />
      </MissingDependency>
      <MissingDependency>
        <Required key="148" type="61" schemaName="tc_Tc.Crm.Scripts.Events.Contact.Ids.js" displayName="tc_Tc.Crm.Scripts.Events.Contact.Ids.js" solution="Active" />
        <Dependent key="130" type="60" displayName="Contact Quick Create" parentDisplayName="Customer" id="{661157fe-2fc9-4eaa-835f-5bfa2f7b64f7}" />
      </MissingDependency>
      <MissingDependency>
        <Required key="149" type="61" schemaName="tc_Tc.Crm.Scripts.Utils.Mobile.Offline.Config.Contact.js" displayName="tc_Tc.Crm.Scripts.Utils.Mobile.Offline.Config.Contact.js" solution="Active" />
        <Dependent key="130" type="60" displayName="Contact Quick Create" parentDisplayName="Customer" id="{661157fe-2fc9-4eaa-835f-5bfa2f7b64f7}" />
      </MissingDependency>
      <MissingDependency>
        <Required key="151" type="61" schemaName="tc_Tc.Crm.Scripts.Utils.Mobile.Offline.Mapping.js" displayName="tc_Tc.Crm.Scripts.Utils.Mobile.Offline.Mapping.js" solution="Active" />
        <Dependent key="130" type="60" displayName="Contact Quick Create" parentDisplayName="Customer" id="{661157fe-2fc9-4eaa-835f-5bfa2f7b64f7}" />
      </MissingDependency>
      <MissingDependency>
        <Required key="143" type="61" schemaName="tc_es6promise.js" displayName="tc_es6promise.js" solution="Active" />
        <Dependent key="130" type="60" displayName="Contact Quick Create" parentDisplayName="Customer" id="{661157fe-2fc9-4eaa-835f-5bfa2f7b64f7}" />
      </MissingDependency>
      <MissingDependency>
        <Required key="142" type="61" schemaName="tc_Tc.Crm.Scripts.Common.js" displayName="tc_Tc.Crm.Scripts.Common.js" solution="Active" />
        <Dependent key="130" type="60" displayName="Contact Quick Create" parentDisplayName="Customer" id="{661157fe-2fc9-4eaa-835f-5bfa2f7b64f7}" />
      </MissingDependency>
      <MissingDependency>
        <Required key="143" type="61" schemaName="tc_es6promise.js" displayName="tc_es6promise.js" solution="Active" />
        <Dependent key="86" type="60" displayName="Account" parentDisplayName="Account" id="{8448b78f-8f42-454e-8e2a-f8196b0419af}" />
      </MissingDependency>
      <MissingDependency>
        <Required key="142" type="61" schemaName="tc_Tc.Crm.Scripts.Common.js" displayName="tc_Tc.Crm.Scripts.Common.js" solution="Active" />
        <Dependent key="86" type="60" displayName="Account" parentDisplayName="Account" id="{8448b78f-8f42-454e-8e2a-f8196b0419af}" />
      </MissingDependency>
      <MissingDependency>
        <Required key="146" type="61" schemaName="tc_Tc.Crm.Scripts.Utils.Validation.js" displayName="tc_Tc.Crm.Scripts.Utils.Validation.js" solution="Active" />
        <Dependent key="86" type="60" displayName="Account" parentDisplayName="Account" id="{8448b78f-8f42-454e-8e2a-f8196b0419af}" />
      </MissingDependency>
      <MissingDependency>
        <Required key="145" type="61" schemaName="tc_Tc.Crm.Scripts.Events.Account" displayName="tc_Tc.Crm.Scripts.Events.Account" solution="Active" />
        <Dependent key="86" type="60" displayName="Account" parentDisplayName="Account" id="{8448b78f-8f42-454e-8e2a-f8196b0419af}" />
      </MissingDependency>
    </MissingDependencies>
  </SolutionManifest>
</ImportExportXml>